模板类型,业务域,表名/代码集,中文名称,字段/状态码,字段中文名/状态名称,类型/长度,是否主键,是否必填,默认值,取值范围/状态流转,业务规则,来源PBL/对象,接口映射(预留),备注,治理标签
实体,ITSM,plan_biz_v,,,,,,,,,缺失对象(代码在用但实库未发现),report.pbl/d_xs_openrep.srd,,代码命中=True;旧字典命中=False;CCGL=False;CCGLlsgl=False;命中文件数=1,待迁移
实体,ITSM,plan_cust,,,,,,,,,保留(CCGL在用),itsm.pbl/u_itsm_open.sru; itsm.pbl/u_itsm_renovate.sru; itsm.pbl/w_r_itsm_d2d.srw; itsm02.pbl/u_itsm_device_change.sru; new_deposit.pbl/d_plan_cust_edit_n.srd,,代码命中=True;旧字典命中=True;CCGL=True;CCGLlsgl=False;命中文件数=29,保留
实体,ITSM,tit01_timepoint_area,,,,,,,,,保留(CCGL在用),base_srv.pbl/gf_gettimept.srf; base_srv.pbl/gf_gettimept_bk.srf; itsm02.pbl/d_itsm_tp_levels_free.srd; itsm02.pbl/d_itsm_tp_levels_list.srd; itsm02.pbl/d_itsm_tp_levels_list_query.srd,,代码命中=True;旧字典命中=False;CCGL=True;CCGLlsgl=False;命中文件数=5,保留
实体,ITSM,tit01_timepoint_cust,,,,,,,,,缺失对象(代码在用但实库未发现),base_srv.pbl/gf_gettimept_bk.srf,,代码命中=True;旧字典命中=False;CCGL=False;CCGLlsgl=False;命中文件数=1,待迁移
实体,ITSM,tit02_liabilityreg,,,,,,,,,保留(CCGL在用),itsm.pbl/d_itsm_liab_free.srd; itsm.pbl/d_itsm_liab_list.srd; itsm.pbl/u_itsm_liab.sru; itsm02.pbl/dd_itsm_liab.srd; itsm02.pbl/u_itsm_liability_group.sru,,代码命中=True;旧字典命中=False;CCGL=True;CCGLlsgl=False;命中文件数=6,保留
实体,ITSM,tit02_liabilityregdt,,,,,,,,,保留(CCGL在用),itsm.pbl/d_itsm_liabdt_free.srd; itsm.pbl/d_itsm_liabdt_list.srd; itsm.pbl/u_itsm_archivecode.sru; itsm.pbl/u_itsm_archivecode_bak.sru; itsm.pbl/u_itsm_liab.sru,,代码命中=True;旧字典命中=False;CCGL=True;CCGLlsgl=False;命中文件数=5,保留
实体,ITSM,tit03_syscodes,,,,,,,,,保留(CCGL在用),itsm02.pbl/d_itsm_syscodes_form.srd; itsm02.pbl/u_itsm_maintenance_daily.sru; itsm02.pbl/u_itsm_maintenance_daily_yc.sru,,代码命中=True;旧字典命中=False;CCGL=True;CCGLlsgl=False;命中文件数=3,保留
实体,ITSM,tit04_archivecode,,,,,,,,,保留(CCGL在用),itsm.pbl/d_itsm_archivecode_4_list.srd; itsm.pbl/d_itsm_archivecode_free.srd; itsm.pbl/d_itsm_archivecode_free_four.srd; itsm.pbl/d_itsm_archivecode_list.srd; itsm.pbl/dd_itsm_arch.srd,,代码命中=True;旧字典命中=False;CCGL=True;CCGLlsgl=False;命中文件数=12,保留
实体,ITSM,tit05_repairinfo,,,,,,,,,保留(CCGL在用),itsm.pbl/d_itsm_repdt_list01.srd; itsm.pbl/d_itsm_repdt_list02.srd; itsm.pbl/u_itsm_repairinfo.sru; itsm.pbl/w_r_itsm_accessup.srw,,代码命中=True;旧字典命中=False;CCGL=True;CCGLlsgl=False;命中文件数=4,保留
实体,ITSM,tit06_userarea,,,,,,,,,保留(CCGL在用),app_d.pbl/d_mc_areausers.srd; app_d.pbl/d_mc_userarea_grid.srd; app_system.pbl/u_mc_user.sru; app_system.pbl/w_r_mc_areauser.srw; itsm.pbl/d_divechange_report.srd,,代码命中=True;旧字典命中=False;CCGL=True;CCGLlsgl=False;命中文件数=14,保留
实体,ITSM,tit10_main_track,,,,,,,,,保留(CCGL在用),itsm.pbl/d_whd_report_ex.srd; new_deposit.pbl/d_whd_report_startup.srd,,代码命中=True;旧字典命中=False;CCGL=True;CCGLlsgl=False;命中文件数=2,保留
实体,ITSM,tit10_maintenance_liability,,,,,,,,,保留(CCGL在用),itsm.pbl/d_itsm_rep_comrate.srd; itsm.pbl/u_itsm_rcwh_h.sru; itsm.pbl/u_itsm_rcwh_ve.sru; itsm.pbl/w_r_itsm_d2d.srw; itsm.pbl/w_r_itsm_rv.srw,,代码命中=True;旧字典命中=True;CCGL=True;CCGLlsgl=False;命中文件数=10,保留
实体,ITSM,tit10_maintenanceday,,,,,,,,,保留(CCGL在用),itsm.pbl/d_itsm_day_archive_free.srd; itsm.pbl/d_itsm_day_archive_list.srd; itsm.pbl/d_itsm_rep_archive_list.srd; itsm.pbl/d_maintenanceday_list.srd; itsm.pbl/d_myd_report.srd,,代码命中=True;旧字典命中=True;CCGL=True;CCGLlsgl=False;命中文件数=25,保留
实体,ITSM,tit10_pos_detail,,,,,,,,,保留(CCGL在用),new_deposit.pbl/d_itsm_posdetail_ed1.srd; trans.pbl/d_itsm_posdetail.srd,,代码命中=True;旧字典命中=True;CCGL=True;CCGLlsgl=False;命中文件数=2,保留
实体,ITSM,tit11_maintenance_attc,,,,,,,,,保留(CCGL在用),itsm.pbl/d_attc.srd; itsm.pbl/u_itsm_rcwh_ve.sru; kq.pbl/u_itsm_wzx.sru,,代码命中=True;旧字典命中=True;CCGL=True;CCGLlsgl=False;命中文件数=3,保留
实体,ITSM,tit12_maintenance_archive,,,,,,,,,保留(CCGL在用),itsm.pbl/d_itsm_archive_free.srd; itsm.pbl/d_itsm_archive_list.srd; itsm.pbl/d_itsm_day_archive_list.srd,,代码命中=True;旧字典命中=True;CCGL=True;CCGLlsgl=False;命中文件数=3,保留
实体,ITSM,tit13_maintenance_open,,,,,,,,,保留(CCGL在用),itsm.pbl/d_maintenance_open_free.srd; itsm.pbl/d_maintenance_open_list.srd; itsm.pbl/d_maintenance_open_one.srd; itsm.pbl/d_open_report.srd; new_deposit.pbl/d_deposit_confrim_d.srd,,代码命中=True;旧字典命中=True;CCGL=True;CCGLlsgl=False;命中文件数=11,保留
实体,ITSM,tit14_equipment_open,,,,,,,,,保留(CCGL在用),itsm.pbl/d_itsm_equopen_free.srd; itsm.pbl/d_itsm_equopen_list.srd; itsm.pbl/u_itsm_open.sru; itsm.pbl/w_r_itsm_d2d.srw; itsm.pbl/w_r_itsm_equ_open.srw,,代码命中=True;旧字典命中=True;CCGL=True;CCGLlsgl=False;命中文件数=8,保留
实体,ITSM,tit15_equipment_renovate,,,,,,,,,保留(CCGL在用),itsm.pbl/d_itsm_renovate_free.srd; itsm.pbl/d_itsm_renovate_list.srd; itsm.pbl/u_itsm_renovate.sru; itsm.pbl/w_r_itsm_d2d.srw; itsm.pbl/w_r_itsm_renovate.srw,,代码命中=True;旧字典命中=True;CCGL=True;CCGLlsgl=False;命中文件数=5,保留
实体,ITSM,tit15_maintenance_renovate,,,,,,,,,保留(CCGL在用),itsm.pbl/d_maintenance_renovate_free.srd; itsm.pbl/d_maintenance_renovate_list.srd; itsm.pbl/d_maintenance_renovate_one.srd; itsm.pbl/d_renovat_report.srd; new_deposit.pbl/u_asset_report.sru,,代码命中=True;旧字典命中=True;CCGL=True;CCGLlsgl=False;命中文件数=9,保留
实体,ITSM,tit16_device_change,,,,,,,,,保留(CCGL在用),itsm.pbl/d_divechange_report.srd; itsm02.pbl/d_itsm_device_change_grid.srd; itsm02.pbl/d_itsm_device_change_grid_list.srd; new_deposit.pbl/u_asset_report.sru; new_deposit.pbl/u_deposit_confrim.sru,,代码命中=True;旧字典命中=True;CCGL=True;CCGLlsgl=False;命中文件数=8,保留
实体,ITSM,tit17_cust_pos_daily,,,,,,,,,保留(CCGL在用),itsm02.pbl/u_itsm_maintenance_daily.sru; itsm02.pbl/u_itsm_maintenance_daily_yc.sru,,代码命中=True;旧字典命中=False;CCGL=True;CCGLlsgl=False;命中文件数=2,保留
实体,ITSM,tit17_maintenance,,,,,,,,,保留(CCGL在用),itsm02.pbl/d_itsm_maintenance_daily_form.srd; itsm02.pbl/d_itsm_maintenance_daily_form_yc.srd; itsm02.pbl/d_itsm_maintenance_daily_grid.srd; itsm02.pbl/d_itsm_maintenance_daily_grid_list.srd; itsm02.pbl/d_itsm_maintenance_daily_report.srd,,代码命中=True;旧字典命中=False;CCGL=True;CCGLlsgl=False;命中文件数=8,保留
实体,ITSM,tit17_maintenance_plan,,,,,,,,,保留(CCGL在用),itsm02.pbl/d_itsm_maintenance_plan_ym_report.srd; itsm02.pbl/u_itsm_maintenance_plan.sru,,代码命中=True;旧字典命中=False;CCGL=True;CCGLlsgl=False;命中文件数=2,保留
实体,ITSM,tit18_store_close,,,,,,,,,保留(CCGL在用),app_main.pbl/w_m_appmain.srw; itsm.pbl/d_storeclose_report.srd; itsm02.pbl/d_itsm_store_close_grid.srd; itsm02.pbl/d_itsm_store_close_grid_list.srd; itsm02.pbl/d_itsm_store_close_tx.srd,,代码命中=True;旧字典命中=False;CCGL=True;CCGLlsgl=False;命中文件数=5,保留
实体,ITSM,tit19_on_choosedt,,,,,,,,,保留(CCGL在用),itsm02.pbl/d_itsm_pos_r_eid_choose.srd; itsm02.pbl/d_itsm_pos_r_eid_choose_new.srd; itsm02.pbl/d_itsm_pos_r_eid_choose_old.srd; itsm02.pbl/w_r_itsm_replace.srw,,代码命中=True;旧字典命中=False;CCGL=True;CCGLlsgl=False;命中文件数=4,保留
实体,ITSM,tit21_maintenance_dispatch,,,,,,,,,保留(CCGL在用),itsm.pbl/d_dispatch.srd; itsm.pbl/d_dispatch_free.srd; itsm.pbl/u_itsm_rcwh_h.sru; itsm.pbl/u_itsm_rcwh_ve.sru; itsm02.pbl/d_itsm_dispatch_report.srd,,代码命中=True;旧字典命中=True;CCGL=True;CCGLlsgl=False;命中文件数=6,保留
实体,ITSM,tit22_fetion_send,,,,,,,,,保留(CCGL在用),itsm.pbl/d_dispatch.srd; itsm.pbl/d_fetion.srd; itsm.pbl/d_fetion_free.srd; itsm.pbl/u_itsm_rcwh_h.sru; itsm.pbl/u_itsm_rcwh_ve.sru,,代码命中=True;旧字典命中=True;CCGL=True;CCGLlsgl=False;命中文件数=6,保留
实体,ITSM,tit23_maintenance_d2d,,,,,,,,,保留(CCGL在用),itsm.pbl/d_divechange_report.srd; itsm.pbl/d_free_report.srd; itsm.pbl/d_maintenance_d2d.srd; itsm.pbl/d_maintenance_d2d_free.srd; itsm.pbl/d_open_report.srd,,代码命中=True;旧字典命中=True;CCGL=True;CCGLlsgl=False;命中文件数=26,保留
实体,ITSM,tit24_maintenance_rv,,,,,,,,,保留(CCGL在用),itsm.pbl/d_maintenance_rv.srd; itsm.pbl/u_itsm_open.sru; itsm.pbl/u_itsm_rcwh_h.sru; itsm.pbl/u_itsm_rcwh_ve.sru; itsm.pbl/u_itsm_renovate.sru,,代码命中=True;旧字典命中=True;CCGL=True;CCGLlsgl=False;命中文件数=12,保留
实体,ITSM,tit25_accessories_update,,,,,,,,,保留(CCGL在用),itsm.pbl/d_accessup.srd; itsm.pbl/d_accessup4pos_free.srd; itsm.pbl/d_accessup_free.srd; itsm.pbl/d_exception_list.srd; itsm.pbl/d_noclose.srd,,代码命中=True;旧字典命中=True;CCGL=True;CCGLlsgl=False;命中文件数=14,保留
实体,ITSM,tit26_paylist,,,,,,,,,保留(CCGL在用),itsm.pbl/d_maintenance_pay.srd; itsm.pbl/d_maintenance_pay_free.srd; itsm02.pbl/d_itsm_accessories_update_report.srd,,代码命中=True;旧字典命中=False;CCGL=True;CCGLlsgl=False;命中文件数=3,保留
实体,ITSM,tit27_close_bills,,,,,,,,,保留(CCGL在用),itsm.pbl/u_itsm_open.sru; itsm.pbl/u_itsm_rcwh_h.sru; itsm.pbl/u_itsm_rcwh_ve.sru; itsm.pbl/u_itsm_renovate.sru; itsm02.pbl/u_itsm_device_change.sru,,代码命中=True;旧字典命中=True;CCGL=True;CCGLlsgl=False;命中文件数=10,保留
实体,ITSM,tit28_free_replace,,,,,,,,,保留(CCGL在用),itsm.pbl/d_free_report.srd; itsm02.pbl/d_itsm_free_replace_dt_list.srd; itsm02.pbl/d_itsm_free_replace_form.srd; itsm02.pbl/d_itsm_free_replace_grid.srd; itsm02.pbl/d_itsm_free_replace_grid_list.srd,,代码命中=True;旧字典命中=False;CCGL=True;CCGLlsgl=False;命中文件数=6,保留
实体,ITSM,tit28_free_replace_dt,,,,,,,,,保留(CCGL在用),itsm.pbl/w_r_itsm_d2d.srw; itsm02.pbl/d_itsm_free_replace_dt_form.srd; itsm02.pbl/d_itsm_free_replace_dt_grid.srd; itsm02.pbl/d_itsm_free_replace_dt_list.srd; itsm02.pbl/u_itsm_device_change.sru,,代码命中=True;旧字典命中=False;CCGL=True;CCGLlsgl=False;命中文件数=10,保留
实体,ITSM,tit29_noclose_track,,,,,,,,,保留(CCGL在用),itsm.pbl/d_itsm_noclose_track.srd; itsm.pbl/d_itsm_noclose_track_free.srd; itsm.pbl/d_noclose.srd; itsm.pbl/w_r_itsm_nocl_track.srw,,代码命中=True;旧字典命中=False;CCGL=True;CCGLlsgl=False;命中文件数=4,保留
实体,仓储,twh01_warehouse,,,,,,,,,保留(CCGL在用),app_d.pbl/d_mc_warehouse_frm.srd; app_d.pbl/d_mc_warehouse_grid.srd; app_dddw.pbl/dd_mc_warehouse_valid.srd; app_objects.pbl/nvo_app_selectdata.sru; base_cust.pbl/w_r_mm_editbom.srw,,代码命中=True;旧字典命中=True;CCGL=True;CCGLlsgl=True;命中文件数=45,保留
实体,仓储,twh02_location,,,,,,,,,保留待确认,,,代码命中=False;旧字典命中=True;CCGL=False;CCGLlsgl=False;命中文件数=0,待下线
实体,仓储,twh03_route,,,,,,,,,缺失对象(代码在用但实库未发现),app_dddw.pbl/dd_route.srd,,代码命中=True;旧字典命中=False;CCGL=False;CCGLlsgl=False;命中文件数=1,待迁移
实体,仓储,twh11_detail,,,,,,,,,保留(CCGL在用),app_dddw.pbl/dd_itemprodate.srd; app_objects.pbl/nvo_app_selectdata.sru; new_deposit.pbl/d_asset_wh_other.srd; new_deposit.pbl/d_asset_wh_pos.srd; new_deposit.pbl/d_iv_invlimit.srd,,代码命中=True;旧字典命中=True;CCGL=True;CCGLlsgl=True;命中文件数=10,保留
实体,仓储,twh12_detaildt,,,,,,,,,保留(CCGL在用),report.pbl/d_wh_dayitemqty.srd; report.pbl/d_wh_dayitemqtyprint.srd,,代码命中=True;旧字典命中=True;CCGL=True;CCGLlsgl=True;命中文件数=2,保留
实体,仓储,twh13_in,,,,,,,,,保留(CCGL在用),qc.pbl/d_qc_rec_cptj.srd; report.pbl/d_pc_history_d.srd; wh.pbl/d_wh_ediewxfy.srd; wh.pbl/d_wh_pcin_dt_input.srd; wh.pbl/d_wh_pcin_eid_dt.srd,,代码命中=True;旧字典命中=True;CCGL=True;CCGLlsgl=True;命中文件数=12,保留
实体,仓储,twh14_checkindt,,,,,,,,,保留(CCGL在用),report.pbl/d_pc_history_d.srd; wh.pbl/d_wh_pcin_dt_input.srd; wh.pbl/d_wh_pcin_eid_dt.srd; wh.pbl/d_wh_qcin_dt_input.srd; wh.pbl/w_wh_editwxfy.srw,,代码命中=True;旧字典命中=True;CCGL=True;CCGLlsgl=True;命中文件数=5,保留
实体,仓储,twh14_indt,,,,,,,,,保留待确认,,,代码命中=False;旧字典命中=True;CCGL=False;CCGLlsgl=False;命中文件数=0,待下线
实体,仓储,twh15_out,,,,,,,,,保留(CCGL在用),app_objects.pbl/nvo_app_selectdata.sru; qc.pbl/d_qc_input_select_h.srd; qc.pbl/w_qc_result_input.srw; wh.pbl/d_wh_allocateout_m.srd; wh.pbl/d_wh_qcout_m.srd,,代码命中=True;旧字典命中=True;CCGL=True;CCGLlsgl=True;命中文件数=7,保留
实体,仓储,twh16_outdt,,,,,,,,,保留待确认,,,代码命中=False;旧字典命中=True;CCGL=False;CCGLlsgl=False;命中文件数=0,待下线
实体,仓储,twh16_outdteid,,,,,,,,,保留(CCGL在用),app_objects.pbl/nvo_app_selectdata.sru; qc.pbl/d_qc_input_select_h.srd; qc.pbl/w_qc_result_input.srw,,代码命中=True;旧字典命中=True;CCGL=True;CCGLlsgl=True;命中文件数=3,保留
实体,仓储,twh16_outdtprd,,,,,,,,,保留(CCGL在用),app_objects.pbl/nvo_app_selectdata.sru; qc.pbl/d_qc_input_select_h.srd; qc.pbl/d_qc_rec_cptj.srd; wh_syc.pbl/ds_wh_whin_dt_inputdt.srd,,代码命中=True;旧字典命中=True;CCGL=True;CCGLlsgl=True;命中文件数=4,保留
实体,仓储,twh17_overlost,,,,,,,,,保留(CCGL在用),wh_syc.pbl/d_wh_overlost_m_a.srd; wh_syc.pbl/d_wh_overlost_m_g.srd; wh_syc.pbl/u_wh_overlost_add.sru,,代码命中=True;旧字典命中=True;CCGL=True;CCGLlsgl=True;命中文件数=3,保留
实体,仓储,twh18_overlostdt,,,,,,,,,保留(CCGL在用),wh_syc.pbl/d_wh_overlost_d_g_new.srd,,代码命中=True;旧字典命中=True;CCGL=True;CCGLlsgl=True;命中文件数=1,保留
实体,仓储,twh18_overlosteid,,,,,,,,,保留待确认,,,代码命中=False;旧字典命中=True;CCGL=True;CCGLlsgl=True;命中文件数=0,保留
实体,仓储,twh19_asset_c_a,,,,,,,,,保留(CCGL在用),itsm02.pbl/u_itsm_pos_r_eid_update.sru; wh.pbl/d_asset_auditbill_browse.srd; wh.pbl/d_wh_asset_c_a.srd; wh.pbl/d_wh_asset_c_a_from.srd; wh.pbl/u_wh_asset_c_a.sru,,代码命中=True;旧字典命中=False;CCGL=True;CCGLlsgl=False;命中文件数=5,保留
实体,仓储,twh20_asset_c_a_dtl,,,,,,,,,保留(CCGL在用),itsm02.pbl/u_itsm_pos_r_eid_update.sru; wh.pbl/d_wh_asset_c_a_new.srd; wh.pbl/u_wh_asset_c_a_audit.sru,,代码命中=True;旧字典命中=False;CCGL=True;CCGLlsgl=False;命中文件数=3,保留
实体,仓储,twh21_arrtoroute,,,,,,,,,保留待确认,,,代码命中=False;旧字典命中=True;CCGL=False;CCGLlsgl=False;命中文件数=0,待下线
实体,仓储,twh21_pos_change,,,,,,,,,保留(CCGL在用),lsgldata.pbl/d_wt_poschange.srd; lsgldata.pbl/w_r_poschange.srw,,代码命中=True;旧字典命中=False;CCGL=True;CCGLlsgl=False;命中文件数=2,保留
实体,仓储,twh22_arrtoroutedt,,,,,,,,,缺失对象(代码在用但实库未发现),report.pbl/d_wh_iremtiv.srd; wh.pbl/d_wh_iremtiv_print.srd,,代码命中=True;旧字典命中=False;CCGL=False;CCGLlsgl=False;命中文件数=2,待迁移
实体,仓储,twh22_pos_change_dt,,,,,,,,,保留(CCGL在用),lsgldata.pbl/d_wt_poschange_dt.srd; lsgldata.pbl/d_wt_poschange_q.srd; lsgldata.pbl/dd_wt_pos_pj.srd; lsgldata.pbl/w_r_poschange.srw,,代码命中=True;旧字典命中=False;CCGL=True;CCGLlsgl=False;命中文件数=4,保留
实体,未分类,tac01_acreceive,,,,,,,,,缺失对象(代码在用但实库未发现),new_deposit.pbl/u_trans_in_ed1.sru; sale.pbl/nvo_saleservice.sru; trans.pbl/u_trans_in.sru; trans.pbl/u_trans_in_error.sru; trans.pbl/u_trans_in_error_change.sru,,代码命中=True;旧字典命中=False;CCGL=False;CCGLlsgl=False;命中文件数=6,待迁移
实体,未分类,tac01_fpsk,,,,,,,,,保留(CCGL在用),lsgldata.pbl/d_ac_fpsk_edit.srd; lsgldata.pbl/d_ac_fpsk_list.srd; lsgldata.pbl/d_ac_fpsk_report.srd; lsgldata.pbl/d_ht_htgl_list.srd; lsgldata.pbl/d_ht_htgl_query.srd,,代码命中=True;旧字典命中=False;CCGL=True;CCGLlsgl=False;命中文件数=6,保留
实体,未分类,tac11_paydays,,,,,,,,,缺失对象(代码在用但实库未发现),base_cust.pbl/d_mm_customers_form.srd; base_cust.pbl/w_supplier_editdata.srw; base_cust.pbl/w_supplier_newdata.srw,,代码命中=True;旧字典命中=False;CCGL=False;CCGLlsgl=False;命中文件数=3,待迁移
实体,未分类,tac12_credlimit,,,,,,,,,缺失对象(代码在用但实库未发现),base_cust.pbl/d_mm_customers_form.srd; base_cust.pbl/w_supplier_editdata.srw; base_cust.pbl/w_supplier_newdata.srw; itsm.pbl/w_r_itsm_d2d.srw; itsm.pbl/w_r_itsm_d2d_cdjl.srw,,代码命中=True;旧字典命中=False;CCGL=False;CCGLlsgl=False;命中文件数=22,待迁移
实体,未分类,tac13_credlimitdt,,,,,,,,,缺失对象(代码在用但实库未发现),base_cust.pbl/d_mm_customers_form.srd; base_cust.pbl/w_supplier_editdata.srw; base_cust.pbl/w_supplier_newdata.srw,,代码命中=True;旧字典命中=False;CCGL=False;CCGLlsgl=False;命中文件数=3,待迁移
实体,未分类,tht01_htgl,,,,,,,,,保留(CCGL在用),lsgldata.pbl/d_ht_htgl_edit.srd; lsgldata.pbl/d_ht_htgl_list.srd; lsgldata.pbl/d_ht_htgl_query.srd; lsgldata.pbl/u_ac_fpsk.sru; lsgldata.pbl/u_ht_htgl.sru,,代码命中=True;旧字典命中=False;CCGL=True;CCGLlsgl=False;命中文件数=5,保留
实体,未分类,tip01_price,,,,,,,,,保留(CCGL在用),base_cust.pbl/d_ip_itemprice_grid.srd; base_cust.pbl/d_mm_items_list.srd,,代码命中=True;旧字典命中=False;CCGL=True;CCGLlsgl=True;命中文件数=2,保留
实体,未分类,tip03_adjprice,,,,,,,,,保留(CCGL在用),price.pbl/d_mm_adjprice_condition.srd; price.pbl/d_mm_adjprice_detail.srd; price.pbl/w_r_mm_adjprice.srw; purchase.pbl/d_pcplan_status_condition.srd,,代码命中=True;旧字典命中=False;CCGL=True;CCGLlsgl=True;命中文件数=4,保留
实体,未分类,tip05_custdiscount,,,,,,,,,缺失对象(代码在用但实库未发现),base_cust.pbl/d_mm_customers_form.srd; base_cust.pbl/w_supplier_editdata.srw; base_cust.pbl/w_supplier_newdata.srw; itsm02.pbl/w_r_ex_gh.srw; sale.pbl/w_r_ex_audit_direct.srw,,代码命中=True;旧字典命中=False;CCGL=False;CCGLlsgl=False;命中文件数=12,待迁移
实体,未分类,tip07_costprictrack,,,,,,,,,缺失对象(代码在用但实库未发现),new_deposit.pbl/u_plan_report.sru; report.pbl/u_pc_history.sru; report.pbl/u_pc_history_d.sru; report.pbl/u_sc_report_d.sru; report.pbl/u_sl_status.sru,,代码命中=True;旧字典命中=False;CCGL=False;CCGLlsgl=False;命中文件数=6,待迁移
实体,未分类,tip08_monthcost,,,,,,,,,缺失对象(代码在用但实库未发现),wh_syc.pbl/w_r_wh_overlost.srw,,代码命中=True;旧字典命中=False;CCGL=False;CCGLlsgl=False;命中文件数=1,待迁移
实体,未分类,tiv01_invlimit,,,,,,,,,保留(CCGL在用),new_deposit.pbl/d_inv_limit_grid.srd; new_deposit.pbl/d_iv_invlimit.srd; new_deposit.pbl/u_inv_limit.sru; new_deposit.pbl/u_plan_rp_arg.sru; new_deposit.pbl/w_invlimit_edit.srw,,代码命中=True;旧字典命中=False;CCGL=True;CCGLlsgl=False;命中文件数=7,保留
实体,未分类,tiv02_invlimit_hi,,,,,,,,,保留(CCGL在用),new_deposit.pbl/w_invlimit_edit.srw,,代码命中=True;旧字典命中=False;CCGL=True;CCGLlsgl=False;命中文件数=1,保留
实体,未分类,tiv11_detail,,,,,,,,,保留(CCGL在用),itsm.pbl/w_r_itsm_accessup.srw; itsm.pbl/w_r_itsm_accessup4pos.srw; itsm.pbl/w_r_itsm_d2d.srw; itsm.pbl/w_r_itsm_d2d_cdjl.srw; itsm.pbl/w_r_itsm_dispatch.srw,,代码命中=True;旧字典命中=False;CCGL=True;CCGLlsgl=True;命中文件数=28,保留
实体,未分类,tiv12_detaildt,,,,,,,,,保留(CCGL在用),new_deposit.pbl/u_plan_report.sru; report.pbl/u_pc_history.sru; report.pbl/u_pc_history_d.sru; report.pbl/u_sc_report_d.sru; report.pbl/u_sl_status.sru,,代码命中=True;旧字典命中=False;CCGL=True;CCGLlsgl=True;命中文件数=6,保留
实体,未分类,tiv30_shopcheckplan,,,,,,,,,缺失对象(代码在用但实库未发现),itsm02.pbl/w_r_ex_gh.srw; sale.pbl/w_r_ex_audit_direct.srw; sale.pbl/w_r_ex_bill.srw; sale.pbl/w_r_ex_bq.srw; sale.pbl/w_r_ex_ck.srw,,代码命中=True;旧字典命中=False;CCGL=False;CCGLlsgl=False;命中文件数=9,待迁移
实体,未分类,tiv33_ovbill,,,,,,,,,缺失对象(代码在用但实库未发现),base_srv.pbl/d_iv_txovb.srd,,代码命中=True;旧字典命中=False;CCGL=False;CCGLlsgl=False;命中文件数=1,待迁移
实体,未分类,tkq01_attendance,,,,,,,,,保留(CCGL在用),kq.pbl/d_kq_free.srd; kq.pbl/dddd.srd; kq.pbl/u_kq_imp.sru,,代码命中=True;旧字典命中=False;CCGL=True;CCGLlsgl=False;命中文件数=3,保留
实体,未分类,tkq02_attendancecount,,,,,,,,,保留(CCGL在用),kq.pbl/d_kq_tj.srd; kq.pbl/d_kq_tj_bk.srd,,代码命中=True;旧字典命中=False;CCGL=True;CCGLlsgl=False;命中文件数=2,保留
实体,未分类,tmp14_checkindt,,,,,,,,,保留(CCGL在用),wh_syc.pbl/d_wh_whin_dt_inputcd.srd; wh_syc.pbl/d_wh_whin_dt_inputdt.srd,,代码命中=True;旧字典命中=False;CCGL=True;CCGLlsgl=True;命中文件数=2,保留
实体,未分类,tps01_pipeline,,,,,,,,,缺失对象(代码在用但实库未发现),new_deposit.pbl/u_trans_in_ed1.sru; trans.pbl/u_trans_in.sru; trans.pbl/u_trans_in_error.sru; trans.pbl/u_trans_in_error_change.sru; trans.pbl/u_trans_out.sru,,代码命中=True;旧字典命中=False;CCGL=False;CCGLlsgl=False;命中文件数=5,待迁移
实体,未分类,ttx01_txkmg,,,,,,,,,保留(CCGL在用),lsgldata.pbl/d_mm_txkmg_list.srd; lsgldata.pbl/u_mm_txkmg.sru,,代码命中=True;旧字典命中=False;CCGL=True;CCGLlsgl=False;命中文件数=2,保留
实体,系统管理/基础信息,sys_role_user,,,,,,,,,保留(CCGL在用),app_system.pbl/u_mc_user.sru; app_system.pbl/w_r_mc_areauser.srw,,代码命中=True;旧字典命中=False;CCGL=True;CCGLlsgl=False;命中文件数=2,保留
实体,系统管理/基础信息,sys_user,,,,,,,,,保留(CCGL在用),app_system.pbl/u_mc_user.sru; app_system.pbl/w_r_mc_areauser.srw,,代码命中=True;旧字典命中=False;CCGL=True;CCGLlsgl=False;命中文件数=2,保留
实体,系统管理/基础信息,tmc01_menus,,,,,,,,,保留(CCGL在用),app_d.pbl/d_mc_funcd_groupright.srd; app_d.pbl/d_mc_menu_form.srd; app_d.pbl/d_mc_menu_right.srd; app_d.pbl/d_mc_usermenu_grid.srd; app_main.pbl/u_appbase.sru,,代码命中=True;旧字典命中=True;CCGL=True;CCGLlsgl=True;命中文件数=6,保留
实体,系统管理/基础信息,tmc02_menusdt,,,,,,,,,保留(CCGL在用),app_objects.pbl/nvo_appservice.sru,,代码命中=True;旧字典命中=True;CCGL=True;CCGLlsgl=True;命中文件数=1,保留
实体,系统管理/基础信息,tmc03_usermenus,,,,,,,,,保留(CCGL在用),app_d.pbl/d_mc_menus_user_list.srd; app_d.pbl/d_mc_usermenu_grid.srd; app_d.pbl/d_mc_usermenu_update.srd,,代码命中=True;旧字典命中=True;CCGL=True;CCGLlsgl=True;命中文件数=3,保留
实体,系统管理/基础信息,tmc11_departments,,,,,,,,,保留(CCGL在用),app_d.pbl/d_mc_dept_form.srd; app_d.pbl/d_mc_dept_list.srd; app_dddw.pbl/dd_mc_dept.srd; app_dddw.pbl/dd_mc_dept_valid.srd; itsm.pbl/d_whd_report_ex.srd,,代码命中=True;旧字典命中=True;CCGL=True;CCGLlsgl=True;命中文件数=6,保留
实体,系统管理/基础信息,tmc12_groups,,,,,,,,,保留(CCGL在用),app_d.pbl/d_mc_groups_form.srd; app_d.pbl/d_mc_groups_list.srd; app_d.pbl/d_mc_usergroup.srd; app_dddw.pbl/dd_mc_groups.srd; app_dddw.pbl/dd_mc_groups_valid.srd,,代码命中=True;旧字典命中=True;CCGL=True;CCGLlsgl=True;命中文件数=6,保留
实体,系统管理/基础信息,tmc13_users,,,,,,,,,保留(CCGL在用),app_d.pbl/d_mc_areausers.srd; app_d.pbl/d_mc_groupusers.srd; app_d.pbl/d_mc_user_form.srd; app_d.pbl/d_mc_users_list.srd; app_dddw.pbl/dd_mc_users.srd,,代码命中=True;旧字典命中=True;CCGL=True;CCGLlsgl=True;命中文件数=63,保留
实体,系统管理/基础信息,tmc21_usergroup,,,,,,,,,保留(CCGL在用),app_d.pbl/d_mc_groupuser_grid.srd; app_d.pbl/d_mc_groupusers.srd; app_d.pbl/d_mc_menu_right.srd; app_d.pbl/d_mc_menus_user_list.srd; app_d.pbl/d_mc_usergroup.srd,,代码命中=True;旧字典命中=True;CCGL=True;CCGLlsgl=True;命中文件数=56,保留
实体,系统管理/基础信息,tmc22_userbusityp,,,,,,,,,保留(CCGL在用),app_d.pbl/d_mc_busityp_form.srd; app_system.pbl/u_mc_user.sru,,代码命中=True;旧字典命中=True;CCGL=True;CCGLlsgl=True;命中文件数=2,保留
实体,系统管理/基础信息,tmc31_groupright,,,,,,,,,保留(CCGL在用),app_d.pbl/d_mc_funcd_groupright.srd; app_d.pbl/d_mc_groupright.srd; app_d.pbl/d_mc_menu_right.srd; app_d.pbl/d_mc_menus_user_list.srd; app_d.pbl/d_mc_usermenu_grid.srd,,代码命中=True;旧字典命中=True;CCGL=True;CCGLlsgl=True;命中文件数=7,保留
实体,系统管理/基础信息,tmc41_acclog,,,,,,,,,保留待确认,,,代码命中=False;旧字典命中=True;CCGL=True;CCGLlsgl=True;命中文件数=0,保留
实体,系统管理/基础信息,tmc42_connectinfo,,,,,,,,,保留(CCGL在用),app_objects.pbl/nvo_myappsrv.sru,,代码命中=True;旧字典命中=False;CCGL=True;CCGLlsgl=True;命中文件数=1,保留
实体,系统管理/基础信息,tmc43_logs,,,,,,,,,保留(CCGL在用),app_objects.pbl/nvo_appservice.sru,,代码命中=True;旧字典命中=True;CCGL=True;CCGLlsgl=True;命中文件数=1,保留
实体,系统管理/基础信息,tmc44_syslock,,,,,,,,,保留待确认,,,代码命中=False;旧字典命中=True;CCGL=True;CCGLlsgl=True;命中文件数=0,保留
实体,系统管理/基础信息,tmc51_verctrl,,,,,,,,,保留(CCGL在用),app_main.pbl/w_m_appmain.srw; app_objects.pbl/nvo_myappsrv.sru; app_system.pbl/u_mc_uploadfile.sru,,代码命中=True;旧字典命中=False;CCGL=True;CCGLlsgl=False;命中文件数=3,保留
实体,系统管理/基础信息,tmc71_sysparm,,,,,,,,,保留(CCGL在用),app_objects.pbl/nvo_myappsrv.sru; sale.pbl/nvo_saleservice.sru,,代码命中=True;旧字典命中=False;CCGL=True;CCGLlsgl=True;命中文件数=2,保留
实体,系统管理/基础信息,tmm01_company,,,,,,,,,保留(CCGL在用),app_d.pbl/d_mc_company.srd; app_objects.pbl/nvo_appservice.sru; app_objects.pbl/nvo_myappsrv.sru; base_cust.pbl/w_customers_editdata.srw; base_cust.pbl/w_supplier_editdata.srw,,代码命中=True;旧字典命中=True;CCGL=True;CCGLlsgl=True;命中文件数=6,保留
实体,系统管理/基础信息,tmm02_country,,,,,,,,,保留(CCGL在用),app_d.pbl/d_mm_country_form.srd; app_d.pbl/d_mm_country_list.srd; app_dddw.pbl/dd_mm_country.srd,,代码命中=True;旧字典命中=True;CCGL=True;CCGLlsgl=True;命中文件数=3,保留
实体,系统管理/基础信息,tmm03_province,,,,,,,,,保留(CCGL在用),app_d.pbl/d_mm_province_form.srd; app_d.pbl/d_mm_province_list.srd; app_dddw.pbl/dd_mm_province.srd; app_system.pbl/u_mm_city.sru; app_system.pbl/u_mm_country.sru,,代码命中=True;旧字典命中=True;CCGL=True;CCGLlsgl=True;命中文件数=6,保留
实体,系统管理/基础信息,tmm04_city,,,,,,,,,保留(CCGL在用),app_d.pbl/d_mm_city_form.srd; app_dddw.pbl/dd_mm_city.srd; app_system.pbl/u_mm_province.sru; app_system.pbl/u_mm_town.sru,,代码命中=True;旧字典命中=True;CCGL=True;CCGLlsgl=True;命中文件数=4,保留
实体,系统管理/基础信息,tmm05_town,,,,,,,,,保留(CCGL在用),app_d.pbl/d_mm_town_form.srd; app_d.pbl/d_mm_town_list.srd; app_system.pbl/u_mm_city.sru,,代码命中=True;旧字典命中=True;CCGL=True;CCGLlsgl=True;命中文件数=3,保留
实体,系统管理/基础信息,tmm11_itemclass,,,,,,,,,保留(CCGL在用),app_objects.pbl/nvo_app_selectdata.sru; base_cust.pbl/d_mm_bomclass_list.srd; base_cust.pbl/d_mm_itemclass_form.srd; base_cust.pbl/d_mm_itemclass_list.srd; base_cust.pbl/u_mm_bom_list.sru,,代码命中=True;旧字典命中=True;CCGL=True;CCGLlsgl=True;命中文件数=50,保留
实体,系统管理/基础信息,tmm12_items,,,,,,,,,保留(CCGL在用),app_dddw.pbl/dd_wh_itemname.srd; app_objects.pbl/nvo_app_selectdata.sru; appraisal.pbl/u_app_audit.sru; appraisal.pbl/u_app_manage.sru; base_cust.pbl/d_mm_bomclass_list.srd,,代码命中=True;旧字典命中=True;CCGL=True;CCGLlsgl=True;命中文件数=167,保留
实体,系统管理/基础信息,tmm13_itemunit,,,,,,,,,缺失对象(代码在用但实库未发现),app_dddw.pbl/dd_mm_itemunit_inuse.srd; app_objects.pbl/d_itemunits_input.srd; base_cust.pbl/d_mm_itemunit_grid.srd; itsm.pbl/w_r_itsm_accessup.srw; itsm.pbl/w_r_itsm_accessup4pos.srw,,代码命中=True;旧字典命中=False;CCGL=False;CCGLlsgl=False;命中文件数=34,待迁移
实体,系统管理/基础信息,tmm14_itembar,,,,,,,,,缺失对象(代码在用但实库未发现),base_cust.pbl/d_mm_itembar_grid.srd,,代码命中=True;旧字典命中=False;CCGL=False;CCGLlsgl=False;命中文件数=1,待迁移
实体,系统管理/基础信息,tmm15_itemtaxrate,,,,,,,,,缺失对象(代码在用但实库未发现),base_cust.pbl/d_mm_itemtaxrate_list.srd; base_cust.pbl/w_r_mm_editbom.srw; base_cust.pbl/w_r_mm_edititem.srw; base_cust.pbl/w_r_mm_newbom.srw; base_cust.pbl/w_r_mm_newcommmode.srw,,代码命中=True;旧字典命中=False;CCGL=False;CCGLlsgl=False;命中文件数=10,待迁移
实体,系统管理/基础信息,tmm18_supplierclass,,,,,,,,,保留(CCGL在用),base_cust.pbl/d_mm_supplier_form.srd; base_cust.pbl/u_mm_supplier.sru,,代码命中=True;旧字典命中=True;CCGL=True;CCGLlsgl=True;命中文件数=2,保留
实体,系统管理/基础信息,tmm19_suppliers,,,,,,,,,保留(CCGL在用),app_objects.pbl/nvo_app_selectdata.sru; appraisal.pbl/u_app_audit.sru; appraisal.pbl/u_app_manage.sru; base_cust.pbl/d_mm_provider_list.srd; base_cust.pbl/w_supplier_newdata.srw,,代码命中=True;旧字典命中=True;CCGL=True;CCGLlsgl=True;命中文件数=9,保留
实体,系统管理/基础信息,tmm21_custclass,,,,,,,,,保留(CCGL在用),app_dddw.pbl/dd_mm_custclass_useflg.srd; app_objects.pbl/nvo_app_selectdata.sru; base_cust.pbl/d_mm_custclass_form.srd; base_cust.pbl/d_mm_custclass_list.srd; base_cust.pbl/u_mm_customer.sru,,代码命中=True;旧字典命中=True;CCGL=True;CCGLlsgl=True;命中文件数=22,保留
实体,系统管理/基础信息,tmm22_customers,,,,,,,,,保留(CCGL在用),app_dddw.pbl/dd_mm_cust_card.srd; app_dddw.pbl/dd_mm_custclass_anm.srd; app_objects.pbl/nvo_app_selectdata.sru; appraisal.pbl/u_app_audit.sru; appraisal.pbl/u_app_manage.sru,,代码命中=True;旧字典命中=True;CCGL=True;CCGLlsgl=True;命中文件数=250,保留
实体,系统管理/基础信息,tmm23_address,,,,,,,,,缺失对象(代码在用但实库未发现),app_dddw.pbl/dd_mm_address.srd; base_cust.pbl/u_mm_address.sru; itsm02.pbl/w_r_ex_gh.srw; sale.pbl/w_r_ex_audit_direct.srw; sale.pbl/w_r_ex_bill.srw,,代码命中=True;旧字典命中=False;CCGL=False;CCGLlsgl=False;命中文件数=11,待迁移
实体,系统管理/基础信息,tmm24_custitems,,,,,,,,,保留(CCGL在用),app_objects.pbl/nvo_app_selectdata.sru; purchase.pbl/w_r_pc_register_input.srw,,代码命中=True;旧字典命中=True;CCGL=True;CCGLlsgl=True;命中文件数=2,保留
实体,系统管理/基础信息,tmm31_syscodes,,,,,,,,,保留(CCGL在用),app_d.pbl/d_mc_busityp_form.srd; app_d.pbl/d_mm_syscodes_form.srd; app_d.pbl/d_mm_syscodes_list.srd; app_dddw.pbl/dd_mm_billtyp_ap.srd; app_dddw.pbl/dd_mm_billtyp_ar.srd,,代码命中=True;旧字典命中=True;CCGL=True;CCGLlsgl=True;命中文件数=62,保留
实体,系统管理/基础信息,tmm32_syscodesdt,,,,,,,,,保留待确认,,,代码命中=False;旧字典命中=True;CCGL=False;CCGLlsgl=False;命中文件数=0,待下线
实体,系统管理/基础信息,tmm32_syscodesdtcodetyp,,,,,,,,,保留待确认,,,代码命中=False;旧字典命中=True;CCGL=False;CCGLlsgl=False;命中文件数=0,待下线
实体,系统管理/基础信息,tmm33_message,,,,,,,,,保留待确认,,,代码命中=False;旧字典命中=True;CCGL=True;CCGLlsgl=True;命中文件数=0,保留
实体,系统管理/基础信息,tmm34_idmaster,,,,,,,,,保留待确认,,,代码命中=False;旧字典命中=True;CCGL=True;CCGLlsgl=True;命中文件数=0,保留
实体,系统管理/基础信息,tmm35_cust_pos_rl,,,,,,,,,保留(CCGL在用),base_cust.pbl/d_mm_customers_form_1.srd; base_cust.pbl/w_customers_editdata.srw; itsm.pbl/d_custinfo_cs.srd; itsm.pbl/d_divechange_report.srd; itsm.pbl/d_exception_list.srd,,代码命中=True;旧字典命中=True;CCGL=True;CCGLlsgl=True;命中文件数=87,保留
实体,系统管理/基础信息,tmm36_cust_ve_rl,,,,,,,,,保留(CCGL在用),itsm.pbl/u_itsm_rcwh_ve.sru; itsm02.pbl/d_itsm_cust_ve_list.srd; itsm02.pbl/u_itsm_maintenance_daily.sru; itsm02.pbl/u_itsm_maintenance_daily_yc.sru; wh.pbl/w_wh_asset_c_a.srw,,代码命中=True;旧字典命中=True;CCGL=True;CCGLlsgl=False;命中文件数=5,保留
实体,系统管理/基础信息,tmm38_itemprice,,,,,,,,,保留待确认,,,代码命中=False;旧字典命中=True;CCGL=False;CCGLlsgl=False;命中文件数=0,待下线
实体,系统管理/基础信息,tmm39_adjprice,,,,,,,,,保留待确认,,,代码命中=False;旧字典命中=True;CCGL=False;CCGLlsgl=False;命中文件数=0,待下线
实体,系统管理/基础信息,tmm40_label,,,,,,,,,保留(CCGL在用),lsgldata.pbl/w_r_mm_label_zjpj.srw; price.pbl/d_mm_label_add.srd; price.pbl/d_mm_label_change_condition.srd; price.pbl/d_mm_label_condition.srd; price.pbl/d_mm_label_query.srd,,代码命中=True;旧字典命中=True;CCGL=True;CCGLlsgl=True;命中文件数=8,保留
实体,系统管理/基础信息,tmm41_bom,,,,,,,,,保留(CCGL在用),app_objects.pbl/nvo_app_selectdata.sru; base_cust.pbl/d_mm_itembom_grid.srd; itsm.pbl/w_r_itsm_accessup.srw; itsm.pbl/w_r_itsm_accessup4pos.srw; itsm.pbl/w_r_itsm_d2d.srw,,代码命中=True;旧字典命中=True;CCGL=True;CCGLlsgl=True;命中文件数=32,保留
实体,系统管理/基础信息,tmm41_bombom,,,,,,,,,保留待确认,,,代码命中=False;旧字典命中=True;CCGL=False;CCGLlsgl=False;命中文件数=0,待下线
实体,系统管理/基础信息,tmm42_bomdt,,,,,,,,,保留(CCGL在用),app_objects.pbl/nvo_app_selectdata.sru; base_cust.pbl/d_mm_itembom_grid.srd; base_cust.pbl/u_mm_bom_new.sru; lsgldata.pbl/d_mm_bomitem_list_zjpj.srd,,代码命中=True;旧字典命中=True;CCGL=True;CCGLlsgl=True;命中文件数=4,保留
实体,系统管理/基础信息,tmm43_eid,,,,,,,,,保留(CCGL在用),app_objects.pbl/nvo_app_selectdata.sru; itsm.pbl/d_accessup.srd; itsm.pbl/d_itsm_rcwh_poseid.srd; itsm.pbl/dddw_newitem_choose.srd; itsm.pbl/w_r_itsm_accessup.srw,,代码命中=True;旧字典命中=True;CCGL=True;CCGLlsgl=True;命中文件数=34,保留
实体,系统管理/基础信息,tmm43_eid_track,,,,,,,,,保留(CCGL在用),report.pbl/d_tmm43_tract.srd; report.pbl/w_r_bom_change.srw,,代码命中=True;旧字典命中=False;CCGL=True;CCGLlsgl=False;命中文件数=2,保留
实体,系统管理/基础信息,tmm44_pos_r_eid,,,,,,,,,保留(CCGL在用),itsm.pbl/d_itsm_rcwh_poseid.srd; itsm.pbl/dddw_newpos_choose.srd; itsm.pbl/w_r_itsm_accessup4pos.srw; itsm.pbl/w_r_itsm_equ_open.srw; itsm.pbl/w_r_itsm_renovate.srw,,代码命中=True;旧字典命中=True;CCGL=True;CCGLlsgl=True;命中文件数=18,保留
实体,系统管理/基础信息,tmm45_suppappraisal,,,,,,,,,保留(CCGL在用),appraisal.pbl/d_supscoretype_bill.srd; appraisal.pbl/d_supscoretype_list_y.srd; appraisal.pbl/d_supscoretype_pop.srd; appraisal.pbl/u_mc_app_info.sru,,代码命中=True;旧字典命中=True;CCGL=True;CCGLlsgl=True;命中文件数=4,保留
实体,系统管理/基础信息,tmm46_area,,,,,,,,,保留(CCGL在用),app_d.pbl/d_mc_area_form.srd; app_d.pbl/d_mc_area_list.srd; itsm.pbl/u_itsm_repairinfo.sru; itsm02.pbl/d_itsm_paper_ave_form_report.srd; itsm02.pbl/u_itsm_maintenance_plan.sru,,代码命中=True;旧字典命中=False;CCGL=True;CCGLlsgl=True;命中文件数=9,保留
实体,系统管理/基础信息,tmm47_commode,,,,,,,,,保留(CCGL在用),app_dddw.pbl/dd_mm_commmode.srd; base_cust.pbl/d_mm_cmmmode_free.srd; base_cust.pbl/d_mm_cmmmode_list.srd; base_cust.pbl/d_mm_cmmmode_list_date.srd; base_cust.pbl/u_mm_cmmmode.sru,,代码命中=True;旧字典命中=False;CCGL=True;CCGLlsgl=False;命中文件数=22,保留
实体,系统管理/基础信息,tmm48_fixedasset,,,,,,,,,保留(CCGL在用),lsgldata.pbl/d_mm_fixedasset_list.srd; lsgldata.pbl/u_mm_fixedasset.sru,,代码命中=True;旧字典命中=False;CCGL=True;CCGLlsgl=False;命中文件数=2,保留
实体,系统管理/基础信息,tmm49_g3no,,,,,,,,,保留(CCGL在用),lsgldata.pbl/d_mm_g3no_list.srd; lsgldata.pbl/u_mm_cust_g3.sru; lsgldata.pbl/u_mm_g3no.sru; lsgldata.pbl/u_mm_mflog.sru,,代码命中=True;旧字典命中=False;CCGL=True;CCGLlsgl=False;命中文件数=4,保留
实体,系统管理/基础信息,tmm50_mflog,,,,,,,,,保留(CCGL在用),lsgldata.pbl/d_mm_mflog_list.srd; lsgldata.pbl/u_mm_cust_g3.sru; lsgldata.pbl/u_mm_mflog.sru,,代码命中=True;旧字典命中=False;CCGL=True;CCGLlsgl=False;命中文件数=3,保留
实体,系统管理/基础信息,tmm52_posstatus,,,,,,,,,保留(CCGL在用),app_objects.pbl/nvo_app_selectdata.sru; price.pbl/d_mc_posstatus.srd; price.pbl/d_mc_posstatus_form.srd,,代码命中=True;旧字典命中=False;CCGL=True;CCGLlsgl=False;命中文件数=3,保留
实体,系统管理/基础信息,tmm61_deposit,,,,,,,,,保留(CCGL在用),new_deposit.pbl/d_deposit_confrim_h.srd; new_deposit.pbl/d_deposit_report1.srd; new_deposit.pbl/d_deposit_report2.srd; new_deposit.pbl/d_deposit_report_graph.srd; new_deposit.pbl/u_plan_befor_new.sru,,代码命中=True;旧字典命中=False;CCGL=True;CCGLlsgl=False;命中文件数=7,保留
实体,系统管理/基础信息,tmm61_deposit_dtl,,,,,,,,,保留(CCGL在用),new_deposit.pbl/d_deposit_confrim_d.srd; new_deposit.pbl/d_deposit_confrim_d_ed2.srd; new_deposit.pbl/d_deposit_confrim_d_ed3.srd; new_deposit.pbl/d_deposit_confrim_h.srd; new_deposit.pbl/u_plan_befor_new.sru,,代码命中=True;旧字典命中=False;CCGL=True;CCGLlsgl=False;命中文件数=9,保留
实体,系统管理/基础信息,tmm61_deposit_io,,,,,,,,,保留(CCGL在用),new_deposit.pbl/d_deposit_confrim_io.srd,,代码命中=True;旧字典命中=False;CCGL=True;CCGLlsgl=False;命中文件数=1,保留
实体,系统管理/基础信息,tmm61_deposit_list,,,,,,,,,保留(CCGL在用),new_deposit.pbl/d_deposit_list_report.srd; new_deposit.pbl/d_deposit_report2.srd; new_deposit.pbl/w_plan_cust_befor_new.srw,,代码命中=True;旧字典命中=False;CCGL=True;CCGLlsgl=False;命中文件数=3,保留
实体,系统管理/基础信息,tmm61_deposit_posmodel,,,,,,,,,保留(CCGL在用),new_deposit.pbl/w_plan_cust_befor_new.srw,,代码命中=True;旧字典命中=False;CCGL=True;CCGLlsgl=False;命中文件数=1,保留
实体,系统管理/基础信息,tmm62_asset_attrib_list,,,,,,,,,保留(CCGL在用),itsm.pbl/dddw_item_choose.srd; itsm.pbl/w_r_itsm_accessup.srw; new_deposit.pbl/d_asset_cust_other.srd; new_deposit.pbl/d_asset_cust_parts_dtl.srd; new_deposit.pbl/d_asset_cust_pos.srd,,代码命中=True;旧字典命中=False;CCGL=True;CCGLlsgl=False;命中文件数=6,保留
实体,视图/报表,all_list_v,,,,,,,,,缺失对象(代码在用但实库未发现),itsm.pbl/dddw_item_choose.srd; itsm.pbl/w_r_itsm_accessup.srw; itsm.pbl/w_r_itsm_accessup4pos.srw; itsm.pbl/w_r_itsm_equ_open.srw; itsm.pbl/w_r_itsm_renovate.srw,,代码命中=True;旧字典命中=False;CCGL=False;CCGLlsgl=False;命中文件数=8,待迁移
实体,视图/报表,u_buttons_v,,,,,,,,,缺失对象(代码在用但实库未发现),app_main.pbl/u_buttonsexample.sru,,代码命中=True;旧字典命中=False;CCGL=False;CCGLlsgl=False;命中文件数=1,待迁移
实体,视图/报表,whcd_item_v,,,,,,,,,缺失对象(代码在用但实库未发现),wh.pbl/d_wh_stock_report.srd,,代码命中=True;旧字典命中=False;CCGL=False;CCGLlsgl=False;命中文件数=1,待迁移
实体,质检,tqc10_result,,,,,,,,,保留(CCGL在用),app_objects.pbl/nvo_app_selectdata.sru; qc.pbl/d_qc_rec_cptj.srd; qc.pbl/d_qc_rec_result_cp.srd; qc.pbl/d_qc_rec_result_list.srd; qc.pbl/d_qc_result_m.srd,,代码命中=True;旧字典命中=True;CCGL=True;CCGLlsgl=True;命中文件数=6,保留
实体,质检,tqc11_resultdt,,,,,,,,,保留(CCGL在用),app_objects.pbl/nvo_app_selectdata.sru,,代码命中=True;旧字典命中=True;CCGL=True;CCGLlsgl=True;命中文件数=1,保留
实体,质检,tqc11_resultdteid,,,,,,,,,保留待确认,,,代码命中=False;旧字典命中=True;CCGL=False;CCGLlsgl=False;命中文件数=0,待下线
实体,质检,tqc11_resulteid,,,,,,,,,保留(CCGL在用),app_objects.pbl/nvo_app_selectdata.sru,,代码命中=True;旧字典命中=False;CCGL=True;CCGLlsgl=True;命中文件数=1,保留
实体,质检,tqc12_resultdteid,,,,,,,,,保留待确认,,,代码命中=False;旧字典命中=True;CCGL=False;CCGLlsgl=False;命中文件数=0,待下线
实体,采购,tpc01_pcplan,,,,,,,,,保留(CCGL在用),purchase.pbl/d_pcplan_m.srd; purchase.pbl/d_pcplan_m_audit.srd; purchase.pbl/u_pc_plan.sru; purchase.pbl/w_r_pc_plan.srw; wh_syc.pbl/u_wh_overlost_add.sru,,代码命中=True;旧字典命中=True;CCGL=True;CCGLlsgl=True;命中文件数=5,保留
实体,采购,tpc01_pcpromplan,,,,,,,,,缺失对象(代码在用但实库未发现),purchase.pbl/u_pc_register_examine.sru,,代码命中=True;旧字典命中=False;CCGL=False;CCGLlsgl=False;命中文件数=1,待迁移
实体,采购,tpc02_pcplandt,,,,,,,,,保留(CCGL在用),purchase.pbl/w_r_pc_plan.srw,,代码命中=True;旧字典命中=True;CCGL=True;CCGLlsgl=True;命中文件数=1,保留
实体,采购,tpc03_pcplanstatus,,,,,,,,,保留(CCGL在用),app_objects.pbl/nvo_app_selectdata.sru; purchase.pbl/w_r_pc_register_input.srw,,代码命中=True;旧字典命中=True;CCGL=True;CCGLlsgl=True;命中文件数=2,保留
实体,采购,tpc12_register,,,,,,,,,保留(CCGL在用),app_objects.pbl/nvo_app_selectdata.sru; purchase.pbl/d_pc_register_browse.srd; purchase.pbl/d_pc_register_browse_a.srd; purchase.pbl/d_pcregst_m.srd; purchase.pbl/w_r_pc_itemadd_new.srw,,代码命中=True;旧字典命中=True;CCGL=True;CCGLlsgl=True;命中文件数=29,保留
实体,采购,tpc13_registerdt,,,,,,,,,保留(CCGL在用),purchase.pbl/u_pc_register_examine.sru; report.pbl/d_pc_history_d.srd; wh.pbl/d_wh_pcin_dt_input.srd,,代码命中=True;旧字典命中=True;CCGL=True;CCGLlsgl=True;命中文件数=3,保留
实体,采购,tpc14_pcbill,,,,,,,,,保留(CCGL在用),purchase.pbl/w_r_pc_itemadd_new.srw; purchase.pbl/w_r_pc_itemmodify_new.srw,,代码命中=True;旧字典命中=False;CCGL=True;CCGLlsgl=True;命中文件数=2,保留
实体,采购,tpc16_rpcbill,,,,,,,,,保留待确认,,,代码命中=False;旧字典命中=True;CCGL=True;CCGLlsgl=True;命中文件数=0,保留
实体,采购,tpc17_rpcbilldt,,,,,,,,,保留待确认,,,代码命中=False;旧字典命中=True;CCGL=True;CCGLlsgl=True;命中文件数=0,保留
实体,采购,tpc20_suppappraisal,,,,,,,,,保留(CCGL在用),appraisal.pbl/u_app_audit.sru; appraisal.pbl/u_app_manage.sru,,代码命中=True;旧字典命中=True;CCGL=True;CCGLlsgl=True;命中文件数=2,保留
实体,采购,tpc20_suppappraisaldt,,,,,,,,,保留待确认,,,代码命中=False;旧字典命中=True;CCGL=False;CCGLlsgl=False;命中文件数=0,待下线
实体,采购,tpc21_suppappraisaldt,,,,,,,,,保留(CCGL在用),appraisal.pbl/d_supscoretype_bill.srd; appraisal.pbl/u_app_audit.sru; appraisal.pbl/u_app_manage.sru,,代码命中=True;旧字典命中=False;CCGL=True;CCGLlsgl=True;命中文件数=3,保留
实体,销售,tsl01_extend,,,,,,,,,保留(CCGL在用),app_objects.pbl/nvo_app_selectdata.sru; itsm.pbl/u_itsm_archive.sru; itsm.pbl/u_itsm_rep_archive.sru; itsm02.pbl/d_ex_gh_browse.srd; itsm02.pbl/u_ex_gh.sru,,代码命中=True;旧字典命中=True;CCGL=True;CCGLlsgl=True;命中文件数=29,保留
实体,销售,tsl02_extenddt,,,,,,,,,保留(CCGL在用),app_objects.pbl/nvo_app_selectdata.sru; itsm.pbl/u_itsm_archive.sru; itsm.pbl/u_itsm_rep_archive.sru; itsm02.pbl/u_ex_gh.sru; itsm02.pbl/u_itsm_pos_r_eid_update.sru,,代码命中=True;旧字典命中=True;CCGL=True;CCGLlsgl=True;命中文件数=20,保留
实体,销售,tsl05_slpromplan,,,,,,,,,缺失对象(代码在用但实库未发现),itsm.pbl/w_r_itsm_accessup.srw; itsm.pbl/w_r_itsm_accessup4pos.srw; itsm.pbl/w_r_itsm_d2d.srw; itsm.pbl/w_r_itsm_d2d_cdjl.srw; itsm.pbl/w_r_itsm_dispatch.srw,,代码命中=True;旧字典命中=False;CCGL=False;CCGLlsgl=False;命中文件数=28,待迁移
实体,销售,tsl10_slbill,,,,,,,,,保留(CCGL在用),app_objects.pbl/nvo_app_selectdata.sru; itsm.pbl/u_itsm_archive.sru; itsm.pbl/u_itsm_rep_archive.sru; itsm.pbl/w_r_itsm_d2d.srw; itsm.pbl/w_r_itsm_d2d_cdjl.srw,,代码命中=True;旧字典命中=True;CCGL=True;CCGLlsgl=True;命中文件数=35,保留
实体,销售,tsl11_register,,,,,,,,,缺失对象(代码在用但实库未发现),new_deposit.pbl/w_invlimit_edit.srw,,代码命中=True;旧字典命中=False;CCGL=False;CCGLlsgl=False;命中文件数=1,待迁移
实体,销售,tsl11_slbillitem,,,,,,,,,缺失对象(代码在用但实库未发现),appraisal.pbl/u_app_audit.sru; appraisal.pbl/u_app_manage.sru; purchase.pbl/u_pc_plan.sru; purchase.pbl/u_pc_plan_audit.sru; qc.pbl/u_qc_result_audit.sru,,代码命中=True;旧字典命中=False;CCGL=False;CCGLlsgl=False;命中文件数=29,待迁移
实体,销售,tsl15_pickbill,,,,,,,,,缺失对象(代码在用但实库未发现),appraisal.pbl/u_app_manage.sru; purchase.pbl/u_pc_plan.sru; purchase.pbl/u_pc_plan_audit.sru; qc.pbl/u_qc_rec_result_cp.sru; qc.pbl/u_qc_result_audit.sru,,代码命中=True;旧字典命中=False;CCGL=False;CCGLlsgl=False;命中文件数=31,待迁移
实体,销售,tsl16_pickbilldt,,,,,,,,,缺失对象(代码在用但实库未发现),report.pbl/d_wh_iremtiv.srd; wh.pbl/d_wh_iremtiv_print.srd,,代码命中=True;旧字典命中=False;CCGL=False;CCGLlsgl=False;命中文件数=2,待迁移
实体,销售,tsl20_invoice,,,,,,,,,缺失对象(代码在用但实库未发现),sale.pbl/nvo_saleservice.sru,,代码命中=True;旧字典命中=False;CCGL=False;CCGLlsgl=False;命中文件数=1,待迁移
